title,company,location
HR 데이터레이크 운영자,에스케이텔레콤,서울 중구
데이터 사이언티스트,DQ LAB PTE. LTD.,서울
자동차 전장 ADAS SW 분야 전문가,LG전자,서울 강서구
AI 분야,LG유플러스,서울
빅데이터 분야,LG유플러스,서울
데이터분석 전문가 모집,11번가,서울 남대문로5가
2022년 ICT이노베이션스퀘어 인공지능(AI)/블록체인 3기 교육생,한국정보기술서비스산업협회,서울
자동차 전장 Security 분야 전문가,LG전자,서울 강서구
System Engineer (토스),비바리퍼블리카,서울 강남구
11번가 클라우드 엔지니어,십일번가,서울 중구
JR0186078 AI Research Engineer Intern,인텔코리아,서울
일반직 경력직원 모집[정보보안 전문가],코스콤,서울 여의도
"데이터베이스개발자, 웹개발 신입/경력 정규직",여의도사람들,서울 영등포구
영상 데이터 검수자,에스케이텔레콤,서울 종로구
Cloud 기반 Backend 개발자,에스케이텔레콤,서울 중구
2022년 ICT이노베이션스퀘어 인공지능(AI)/블록체인 3기 교육생,한국정보기술서비스산업협회,서울
빅데이터 분야,LG유플러스,서울
HR 데이터레이크 운영자,에스케이텔레콤,서울 중구
AI 분야,LG유플러스,서울
각 분야별 인재 Pool 등록,지투알,서울
Cloud 기반 Backend 개발자,에스케이텔레콤,서울 중구
Cloud 부문,한화그룹,서울
영상 데이터 검수자,에스케이텔레콤,서울 종로구
데이터 사이언티스트,DQ LAB PTE. LTD.,서울
[현대무벡스] 경력사원 상시,현대무벡스,서울 종로구
데이터분석 전문가 모집,11번가,서울 남대문로5가
[11번가] System Engineer 분야,십일번가,서울 중구
웹프로그래머 (FrontEnd) 기업부설연구소 연구원 #python #js #FullStack #모바일,넥스텝코리아,서울 용산구
[데이터엔지니어링팀] Data Engineer (시니어),직방,서울 종로구
Vision AI 분야 전문가,에스케이텔레콤,서울 중구
2022년 ICT이노베이션스퀘어 인공지능(AI)/블록체인 3기 교육생,한국정보기술서비스산업협회,서울
빅데이터 분야,LG유플러스,서울
HR 데이터레이크 운영자,에스케이텔레콤,서울 중구
AI 분야,LG유플러스,서울
각 분야별 인재 Pool 등록,지투알,서울
Cloud 기반 Backend 개발자,에스케이텔레콤,서울 중구
Cloud 부문,한화그룹,서울
영상 데이터 검수자,에스케이텔레콤,서울 종로구
데이터 사이언티스트,DQ LAB PTE. LTD.,서울
[현대무벡스] 경력사원 상시,현대무벡스,서울 종로구
데이터분석 전문가 모집,11번가,서울 남대문로5가
[11번가] System Engineer 분야,십일번가,서울 중구
웹프로그래머 (FrontEnd) 기업부설연구소 연구원 #python #js #FullStack #모바일,넥스텝코리아,서울 용산구
[데이터엔지니어링팀] Data Engineer (시니어),직방,서울 종로구
Vision AI 분야 전문가,에스케이텔레콤,서울 중구
HR 데이터레이크 운영자,에스케이텔레콤,서울 중구
데이터 사이언티스트,DQ LAB PTE. LTD.,서울
자동차 전장 ADAS SW 분야 전문가,LG전자,서울 강서구
AI 분야,LG유플러스,서울
빅데이터 분야,LG유플러스,서울
데이터분석 전문가 모집,11번가,서울 남대문로5가
2022년 ICT이노베이션스퀘어 인공지능(AI)/블록체인 3기 교육생,한국정보기술서비스산업협회,서울
자동차 전장 Security 분야 전문가,LG전자,서울 강서구
System Engineer (토스),비바리퍼블리카,서울 강남구
11번가 클라우드 엔지니어,십일번가,서울 중구
JR0186078 AI Research Engineer Intern,인텔코리아,서울
일반직 경력직원 모집[정보보안 전문가],코스콤,서울 여의도
"데이터베이스개발자, 웹개발 신입/경력 정규직",여의도사람들,서울 영등포구
영상 데이터 검수자,에스케이텔레콤,서울 종로구
Cloud 기반 Backend 개발자,에스케이텔레콤,서울 중구
2022년 ICT이노베이션스퀘어 인공지능(AI)/블록체인 3기 교육생,한국정보기술서비스산업협회,서울
빅데이터 분야,LG유플러스,서울
HR 데이터레이크 운영자,에스케이텔레콤,서울 중구
AI 분야,LG유플러스,서울
각 분야별 인재 Pool 등록,지투알,서울
Cloud 기반 Backend 개발자,에스케이텔레콤,서울 중구
Cloud 부문,한화그룹,서울
영상 데이터 검수자,에스케이텔레콤,서울 종로구
데이터 사이언티스트,DQ LAB PTE. LTD.,서울
[현대무벡스] 경력사원 상시,현대무벡스,서울 종로구
데이터분석 전문가 모집,11번가,서울 남대문로5가
[11번가] System Engineer 분야,십일번가,서울 중구
웹프로그래머 (FrontEnd) 기업부설연구소 연구원 #python #js #FullStack #모바일,넥스텝코리아,서울 용산구
[데이터엔지니어링팀] Data Engineer (시니어),직방,서울 종로구
Vision AI 분야 전문가,에스케이텔레콤,서울 중구
